Month,Year,Fecha,3MonthSeller,CashSeller,
1,2014,02-ene-14,1.8030,1.7560,
1,2014,03-ene-14,1.7870,1.7390,
1,2014,06-ene-14,1.7620,1.7180,
1,2014,07-ene-14,1.7810,1.7330,
1,2014,08-ene-14,1.7830,1.7370,
1,2014,09-ene-14,1.7580,1.7130,
1,2014,10-ene-14,1.7610,1.7160,
1,2014,13-ene-14,1.7630,1.7160,
1,2014,14-ene-14,1.7710,1.7250,
1,2014,15-ene-14,1.7600,1.7150,
1,2014,16-ene-14,1.7960,1.7520,
1,2014,17-ene-14,1.8070,1.7660,
1,2014,20-ene-14,1.8130,1.7680,
1,2014,21-ene-14,1.7860,1.7430,
1,2014,22-ene-14,1.7890,1.7470,
1,2014,23-ene-14,1.7740,1.7320,
1,2014,24-ene-14,1.7700,1.7270,
1,2014,27-ene-14,1.7560,1.7110,
1,2014,28-ene-14,1.7570,1.7130,
1,2014,29-ene-14,1.7540,1.7100,
1,2014,30-ene-14,1.7300,1.6860,
1,2014,31-ene-14,1.7090,1.6640,
2,2014,03-feb-14,1.7020,1.6590,
2,2014,04-feb-14,1.6870,1.6420,
2,2014,05-feb-14,1.7080,1.6630,
2,2014,06-feb-14,1.6970,1.6550,
2,2014,07-feb-14,1.7190,1.6780,
2,2014,10-feb-14,1.7150,1.6720,
2,2014,11-feb-14,1.7140,1.6710,
2,2014,12-feb-14,1.7290,1.6860,
2,2014,13-feb-14,1.7310,1.6870,
2,2014,14-feb-14,1.7510,1.7110,
2,2014,17-feb-14,1.7460,1.7010,
2,2014,18-feb-14,1.7370,1.6940,
2,2014,19-feb-14,1.7710,1.7270,
2,2014,20-feb-14,1.7610,1.7180,
2,2014,21-feb-14,1.7780,1.7340,
2,2014,24-feb-14,1.7420,1.7000,
2,2014,25-feb-14,1.7550,1.7090,
2,2014,26-feb-14,1.7800,1.7350,
2,2014,27-feb-14,1.7600,1.7160,
2,2014,28-feb-14,1.7660,1.7240,
3,2014,03-mar-14,1.7230,1.6750,
3,2014,04-mar-14,1.7330,1.6870,
3,2014,05-mar-14,1.7860,1.7420,
3,2014,06-mar-14,1.7750,1.7320,
3,2014,07-mar-14,1.7710,1.7300,
3,2014,10-mar-14,1.7570,1.7150,
3,2014,11-mar-14,1.7890,1.7460,
3,2014,12-mar-14,1.7590,1.7170,
3,2014,13-mar-14,1.7460,1.7030,
3,2014,14-mar-14,1.7390,1.6980,
3,2014,17-mar-14,1.7280,1.6840,
3,2014,18-mar-14,1.7330,1.6910,
3,2014,19-mar-14,1.7160,1.6720,
3,2014,20-mar-14,1.7150,1.6740,
3,2014,21-mar-14,1.7190,1.6770,
3,2014,24-mar-14,1.7320,1.6890,
3,2014,25-mar-14,1.7600,1.7170,
3,2014,26-mar-14,1.7500,1.7060,
3,2014,27-mar-14,1.7260,1.6830,
3,2014,28-mar-14,1.7520,1.7100,
3,2014,31-mar-14,1.7740,1.7310,
4,2014,01-abr-14,1.7850,1.7440,
4,2014,02-abr-14,1.8170,1.7770,
4,2014,03-abr-14,1.8230,1.7830,
4,2014,04-abr-14,1.8450,1.8100,
4,2014,07-abr-14,1.8310,1.7940,
4,2014,08-abr-14,1.8160,1.7850,
4,2014,09-abr-14,1.8230,1.7920,
4,2014,10-abr-14,1.8830,1.8540,
4,2014,11-abr-14,1.8730,1.8410,
4,2014,14-abr-14,1.8720,1.8340,
4,2014,15-abr-14,1.8580,1.8170,
4,2014,16-abr-14,1.8680,1.8330,
4,2014,17-abr-14,1.8750,1.8370,
4,2014,22-abr-14,1.8860,1.8470,
4,2014,23-abr-14,1.8740,1.8360,
4,2014,24-abr-14,1.8780,1.8410,
4,2014,25-abr-14,1.8630,1.8240,
4,2014,28-abr-14,1.8410,1.8010,
4,2014,29-abr-14,1.8220,1.7800,
4,2014,30-abr-14,1.8120,1.7700,
5,2014,01-may-14,1.7810,1.7370,
5,2014,02-may-14,1.7780,1.7370,
5,2014,06-may-14,1.7920,1.7500,
5,2014,07-may-14,1.7740,1.7290,
5,2014,08-may-14,1.7610,1.7180,
5,2014,09-may-14,1.7620,1.7180,
5,2014,12-may-14,1.7840,1.7400,
5,2014,13-may-14,1.7830,1.7390,
5,2014,14-may-14,1.8040,1.7580,
5,2014,15-may-14,1.7970,1.7530,
5,2014,16-may-14,1.7760,1.7320,
5,2014,19-may-14,1.7670,1.7250,
5,2014,20-may-14,1.7650,1.7220,
5,2014,21-may-14,1.7560,1.7150,
5,2014,22-may-14,1.7860,1.7460,
5,2014,23-may-14,1.8190,1.7820,
5,2014,27-may-14,1.8190,1.7780,
5,2014,28-may-14,1.8420,1.8020,
5,2014,29-may-14,1.8210,1.7850,
5,2014,30-may-14,1.8570,1.8240,
6,2014,02-jun-14,1.8500,1.8170,
6,2014,03-jun-14,1.8320,1.8030,
6,2014,04-jun-14,1.8220,1.7970,
6,2014,05-jun-14,1.8470,1.8290,
6,2014,06-jun-14,1.8380,1.8170,
6,2014,09-jun-14,1.8970,1.8710,
6,2014,10-jun-14,1.8930,1.8650,
6,2014,11-jun-14,1.8720,1.8360,
6,2014,12-jun-14,1.8620,1.8220,
6,2014,13-jun-14,1.8430,1.8010,
6,2014,16-jun-14,1.8440,1.8020,
6,2014,17-jun-14,1.8520,1.8090,
6,2014,18-jun-14,1.8700,1.8290,
6,2014,19-jun-14,1.8860,1.8440,
6,2014,20-jun-14,1.8860,1.8450,
6,2014,23-jun-14,1.8970,1.8570,
6,2014,24-jun-14,1.8960,1.8590,
6,2014,25-jun-14,1.9020,1.8670,
6,2014,26-jun-14,1.8920,1.8570,
6,2014,27-jun-14,1.8860,1.8500,
6,2014,30-jun-14,1.8840,1.8510,
7,2014,01-jul-14,1.8710,1.8380,
7,2014,02-jul-14,1.8890,1.8620,
7,2014,03-jul-14,1.9190,1.8900,
7,2014,04-jul-14,1.9260,1.8930,
7,2014,07-jul-14,1.9270,1.8940,
7,2014,08-jul-14,1.9430,1.9110,
7,2014,09-jul-14,1.9510,1.9240,
7,2014,10-jul-14,1.9110,1.8860,
7,2014,11-jul-14,1.9320,1.9070,
7,2014,14-jul-14,1.9430,1.9230,
7,2014,15-jul-14,1.9460,1.9280,
7,2014,16-jul-14,1.9820,1.9630,
7,2014,17-jul-14,1.9840,1.9680,
7,2014,18-jul-14,1.9790,1.9590,
7,2014,21-jul-14,2.0070,1.9880,
7,2014,22-jul-14,2.0390,2.0210,
7,2014,23-jul-14,2.0310,2.0110,
7,2014,24-jul-14,2.0360,2.0140,
7,2014,25-jul-14,2.0290,2.0090,
7,2014,28-jul-14,2.0070,1.9880,
7,2014,29-jul-14,1.9860,1.9740,
7,2014,30-jul-14,1.9940,1.9830,
7,2014,31-jul-14,2.0220,2.0170,
8,2014,01-ago-14,1.9710,1.9650,
8,2014,04-ago-14,2.0040,1.9790,
8,2014,05-ago-14,2.0140,2.0020,
8,2014,06-ago-14,1.9940,1.9840,
8,2014,07-ago-14,2.0240,2.0150,
8,2014,08-ago-14,2.0240,2.0180,
8,2014,11-ago-14,2.0330,2.0320,
8,2014,12-ago-14,2.0510,2.0400,
8,2014,13-ago-14,2.0440,2.0260,
8,2014,14-ago-14,2.0220,2.0050,
8,2014,15-ago-14,1.9890,1.9800,
8,2014,18-ago-14,1.9950,1.9950,
8,2014,19-ago-14,2.0380,2.0280,
8,2014,20-ago-14,2.0550,2.0370,
8,2014,21-ago-14,2.0690,2.0590,
8,2014,22-ago-14,2.0610,2.0560,
8,2014,26-ago-14,2.0890,2.0820,
8,2014,27-ago-14,2.0870,2.0830,
8,2014,28-ago-14,2.0890,2.1080,
8,2014,29-ago-14,2.1140,2.1140,
9,2014,01-sep-14,2.0960,2.0820,
9,2014,02-sep-14,2.1000,2.0830,
9,2014,03-sep-14,2.0910,2.0780,
9,2014,04-sep-14,2.1070,2.0860,
9,2014,05-sep-14,2.0980,2.0750,
9,2014,08-sep-14,2.1090,2.0820,
9,2014,09-sep-14,2.0760,2.0450,
9,2014,10-sep-14,2.0510,2.0120,
9,2014,11-sep-14,2.0410,2.0020,
9,2014,12-sep-14,2.0470,2.0090,
9,2014,15-sep-14,2.0010,1.9590,
9,2014,16-sep-14,2.0060,1.9700,
9,2014,17-sep-14,2.0060,1.9670,
9,2014,18-sep-14,1.9850,1.9500,
9,2014,19-sep-14,1.9830,1.9500,
9,2014,22-sep-14,1.9580,1.9250,
9,2014,23-sep-14,1.9740,1.9400,
9,2014,24-sep-14,1.9570,1.9230,
9,2014,25-sep-14,1.9610,1.9270,
9,2014,26-sep-14,1.9570,1.9250,
9,2014,29-sep-14,1.9480,1.9140,
9,2014,30-sep-14,1.9690,1.9350,
10,2014,01-oct-14,1.9330,1.8990,
10,2014,02-oct-14,1.8980,1.8700,
10,2014,03-oct-14,1.9130,1.8830,
10,2014,06-oct-14,1.9260,1.8980,
10,2014,07-oct-14,1.9170,1.8860,
10,2014,08-oct-14,1.9510,1.9210,
10,2014,09-oct-14,1.9560,1.9240,
10,2014,10-oct-14,1.9230,1.8920,
10,2014,13-oct-14,1.9340,1.9040,
10,2014,14-oct-14,1.9380,1.9090,
10,2014,15-oct-14,1.9410,1.9130,
10,2014,16-oct-14,1.9000,1.8730,
10,2014,17-oct-14,1.9450,1.9300,
10,2014,20-oct-14,1.9700,1.9550,
10,2014,21-oct-14,1.9810,1.9720,
10,2014,22-oct-14,1.9970,1.9800,
10,2014,23-oct-14,1.9870,1.9850,
10,2014,24-oct-14,1.9650,1.9510,
10,2014,27-oct-14,1.9670,1.9640,
10,2014,28-oct-14,1.9970,1.9910,
10,2014,29-oct-14,2.0140,2.0120,
10,2014,30-oct-14,2.0110,2.0160,
10,2014,31-oct-14,2.0370,2.0570,
11,2014,03-nov-14,2.0430,2.0560,
11,2014,04-nov-14,2.0490,2.0510,
11,2014,05-nov-14,2.0340,2.0380,
11,2014,06-nov-14,2.0540,2.0530,
11,2014,07-nov-14,2.0700,2.0770,
11,2014,10-nov-14,2.0420,2.0410,
11,2014,11-nov-14,2.0150,2.0180,
11,2014,12-nov-14,2.0500,2.0620,
11,2014,13-nov-14,2.0570,2.0650,
11,2014,14-nov-14,2.0180,2.0210,
11,2014,17-nov-14,2.0390,2.0500,
11,2014,18-nov-14,2.0060,2.0160,
11,2014,19-nov-14,2.0150,2.0250,
11,2014,20-nov-14,2.0110,2.0170,
11,2014,21-nov-14,2.0630,2.0780,
11,2014,24-nov-14,2.0480,2.0600,
11,2014,25-nov-14,2.0590,2.0840,
11,2014,26-nov-14,2.0660,2.0990,
11,2014,27-nov-14,2.0650,2.0990,
11,2014,28-nov-14,2.0270,2.0720,
12,2014,01-dic-14,1.9980,2.0210,
12,2014,02-dic-14,2.0030,2.0150,
12,2014,03-dic-14,1.9670,1.9670,
12,2014,04-dic-14,1.9750,1.9750,
12,2014,05-dic-14,1.9970,2.0020,
12,2014,08-dic-14,1.9730,1.9600,
12,2014,09-dic-14,1.9600,1.9450,
12,2014,10-dic-14,1.9660,1.9500,
12,2014,11-dic-14,1.9550,1.9360,
12,2014,12-dic-14,1.9410,1.9180,
12,2014,15-dic-14,1.9310,1.9170,
12,2014,16-dic-14,1.9100,1.8750,
12,2014,17-dic-14,1.8940,1.8640,
12,2014,18-dic-14,1.9170,1.8890,
12,2014,19-dic-14,1.9180,1.8880,
12,2014,22-dic-14,1.9050,1.8780,
12,2014,23-dic-14,1.8790,1.8520,
12,2014,24-dic-14,1.8640,1.8340,
12,2014,29-dic-14,1.8600,1.8280,
12,2014,30-dic-14,1.8540,1.8350,
12,2014,31-dic-14,1.8590,1.8320,
1,2015,02-ene-15,1.8480,1.8220,
1,2015,05-ene-15,1.8230,1.7930,
1,2015,06-ene-15,1.8070,1.7730,
1,2015,07-ene-15,1.7910,1.7620,
1,2015,08-ene-15,1.8030,1.7770,
1,2015,09-ene-15,1.8180,1.7980,
1,2015,12-ene-15,1.8020,1.7790,
1,2015,13-ene-15,1.7830,1.7670,
1,2015,14-ene-15,1.7790,1.7680,
1,2015,15-ene-15,1.7930,1.7830,
1,2015,16-ene-15,1.8090,1.7990,
1,2015,19-ene-15,1.8130,1.8260,
1,2015,20-ene-15,1.8350,1.8300,
1,2015,21-ene-15,1.8330,1.8310,
1,2015,22-ene-15,1.8720,1.8670,
1,2015,23-ene-15,1.8360,1.8310,
1,2015,26-ene-15,1.8290,1.8180,
1,2015,27-ene-15,1.8570,1.8470,
1,2015,28-ene-15,1.8580,1.8500,
1,2015,29-ene-15,1.8320,1.8230,
1,2015,30-ene-15,1.8470,1.8380,
2,2015,02-feb-15,1.8660,1.8520,
2,2015,03-feb-15,1.8900,1.8700,
2,2015,04-feb-15,1.8760,1.8630,
2,2015,05-feb-15,1.8620,1.8490,
2,2015,06-feb-15,1.8840,1.8720,
2,2015,09-feb-15,1.8700,1.8550,
2,2015,10-feb-15,1.8610,1.8430,
2,2015,11-feb-15,1.8320,1.8120,
2,2015,12-feb-15,1.8340,1.8180,
2,2015,13-feb-15,1.8460,1.8320,
2,2015,16-feb-15,1.8300,1.8150,
2,2015,17-feb-15,1.8210,1.8010,
2,2015,18-feb-15,1.8200,1.7970,
2,2015,19-feb-15,1.8210,1.8020,
2,2015,20-feb-15,1.8110,1.7970,
2,2015,23-feb-15,1.7930,1.7730,
2,2015,24-feb-15,1.8090,1.7920,
2,2015,25-feb-15,1.8010,1.7840,
2,2015,26-feb-15,1.8170,1.7990,
2,2015,27-feb-15,1.8080,1.7950,
3,2015,02-mar-15,1.8110,1.7970,
3,2015,03-mar-15,1.7960,1.7840,
3,2015,04-mar-15,1.8040,1.7870,
3,2015,05-mar-15,1.8060,1.7880,
3,2015,06-mar-15,1.7960,1.7850,
3,2015,09-mar-15,1.7750,1.7610,
3,2015,10-mar-15,1.7620,1.7500,
3,2015,11-mar-15,1.7700,1.7540,
3,2015,12-mar-15,1.7540,1.7420,
3,2015,13-mar-15,1.7470,1.7440,
3,2015,16-mar-15,1.7660,1.7610,
3,2015,17-mar-15,1.7680,1.7700,
3,2015,18-mar-15,1.7770,1.7720,
3,2015,19-mar-15,1.7820,1.7830,
3,2015,20-mar-15,1.7720,1.7630,
3,2015,23-mar-15,1.7960,1.7870,
3,2015,24-mar-15,1.7960,1.7870,
3,2015,25-mar-15,1.7720,1.7640,
3,2015,26-mar-15,1.7910,1.7840,
3,2015,27-mar-15,1.7780,1.7720,
3,2015,30-mar-15,1.7850,1.7770,
3,2015,31-mar-15,1.7900,1.7890,
4,2015,01-abr-15,1.7690,1.7660,
4,2015,02-abr-15,1.7740,1.7710,
4,2015,07-abr-15,1.7850,1.7850,
4,2015,08-abr-15,1.7750,1.7750,
4,2015,09-abr-15,1.7700,1.7740,
4,2015,10-abr-15,1.7700,1.7730,
4,2015,13-abr-15,1.7710,1.7820,
4,2015,14-abr-15,1.7680,1.7710,
4,2015,15-abr-15,1.7980,1.8110,
4,2015,16-abr-15,1.8400,1.8570,
4,2015,17-abr-15,1.8310,1.8470,
4,2015,20-abr-15,1.8290,1.8590,
4,2015,21-abr-15,1.8060,1.8270,
4,2015,22-abr-15,1.8140,1.8180,
4,2015,23-abr-15,1.7840,1.8060,
4,2015,24-abr-15,1.8090,1.8300,
4,2015,27-abr-15,1.8200,1.8280,
4,2015,28-abr-15,1.8620,1.8680,
4,2015,29-abr-15,1.8850,1.8910,
4,2015,30-abr-15,1.9040,1.9100,
5,2015,01-may-15,1.9220,1.9190,
5,2015,05-may-15,1.9260,1.9110,
5,2015,06-may-15,1.9380,1.9160,
5,2015,07-may-15,1.8990,1.8710,
5,2015,08-may-15,1.8960,1.8640,
5,2015,11-may-15,1.8860,1.8520,
5,2015,12-may-15,1.8840,1.8550,
5,2015,13-may-15,1.8950,1.8600,
5,2015,14-may-15,1.8850,1.8460,
5,2015,15-may-15,1.8480,1.8130,
5,2015,18-may-15,1.8370,1.7960,
5,2015,19-may-15,1.7880,1.7500,
5,2015,20-may-15,1.7900,1.7490,
5,2015,21-may-15,1.7760,1.7360,
5,2015,22-may-15,1.7650,1.7260,
5,2015,26-may-15,1.7520,1.7110,
5,2015,27-may-15,1.7390,1.7000,
5,2015,28-may-15,1.7610,1.7200,
5,2015,29-may-15,1.7450,1.7060,
6,2015,01-jun-15,1.7340,1.6920,
6,2015,02-jun-15,1.7520,1.7120,
6,2015,03-jun-15,1.7560,1.7170,
6,2015,04-jun-15,1.7360,1.6980,
6,2015,05-jun-15,1.7320,1.6940,
6,2015,08-jun-15,1.7380,1.6960,
6,2015,09-jun-15,1.7610,1.7230,
6,2015,10-jun-15,1.7630,1.7270,
6,2015,11-jun-15,1.7380,1.7020,
6,2015,12-jun-15,1.7420,1.7020,
6,2015,15-jun-15,1.7040,1.6610,
6,2015,16-jun-15,1.7020,1.6610,
6,2015,17-jun-15,1.7180,1.6760,
6,2015,18-jun-15,1.7190,1.6810,
6,2015,19-jun-15,1.6910,1.6510,
6,2015,22-jun-15,1.6930,1.6510,
6,2015,23-jun-15,1.7230,1.6810,
6,2015,24-jun-15,1.7300,1.6910,
6,2015,25-jun-15,1.7120,1.6710,
6,2015,26-jun-15,1.7100,1.6680,
6,2015,29-jun-15,1.6830,1.6420,
6,2015,30-jun-15,1.6890,1.6470,
7,2015,01-jul-15,1.7070,1.6660,
7,2015,02-jul-15,1.7310,1.6930,
7,2015,03-jul-15,1.7230,1.6850,
7,2015,06-jul-15,1.6850,1.6440,
7,2015,07-jul-15,1.6870,1.6450,
7,2015,08-jul-15,1.6610,1.6200,
7,2015,09-jul-15,1.6930,1.6490,
7,2015,10-jul-15,1.6930,1.6530,
7,2015,13-jul-15,1.7060,1.6590,
7,2015,14-jul-15,1.6930,1.6530,
7,2015,15-jul-15,1.7180,1.6750,
7,2015,16-jul-15,1.7090,1.6640,
7,2015,17-jul-15,1.7030,1.6640,
7,2015,20-jul-15,1.6830,1.6370,
7,2015,21-jul-15,1.6740,1.6310,
7,2015,22-jul-15,1.6550,1.6110,
7,2015,23-jul-15,1.6510,1.6050,
7,2015,24-jul-15,1.6390,1.5950,
7,2015,27-jul-15,1.6420,1.6010,
7,2015,28-jul-15,1.6500,1.6090,
7,2015,29-jul-15,1.6570,1.6190,
7,2015,30-jul-15,1.6450,1.6090,
7,2015,31-jul-15,1.6250,1.5940,
8,2015,03-ago-15,1.6060,1.5640,
8,2015,04-ago-15,1.6140,1.5780,
8,2015,05-ago-15,1.6110,1.5700,
8,2015,06-ago-15,1.5890,1.5530,
8,2015,07-ago-15,1.5930,1.5570,
8,2015,10-ago-15,1.5870,1.5530,
8,2015,11-ago-15,1.5820,1.5470,
8,2015,12-ago-15,1.5820,1.5470,
8,2015,13-ago-15,1.5700,1.5390,
8,2015,14-ago-15,1.5740,1.5410,
8,2015,17-ago-15,1.5590,1.5240,
8,2015,18-ago-15,1.5590,1.5320,
8,2015,19-ago-15,1.5520,1.5220,
8,2015,20-ago-15,1.5720,1.5440,
8,2015,21-ago-15,1.5520,1.5240,
8,2015,24-ago-15,1.5110,1.4860,
8,2015,25-ago-15,1.5470,1.5260,
8,2015,26-ago-15,1.5360,1.5140,
8,2015,27-ago-15,1.5470,1.5280,
8,2015,28-ago-15,1.5660,1.5500,
9,2015,01-sep-15,1.5950,1.5780,
9,2015,02-sep-15,1.5920,1.5700,
9,2015,03-sep-15,1.6270,1.6070,
9,2015,04-sep-15,1.6240,1.6020,
9,2015,07-sep-15,1.6100,1.5880,
9,2015,08-sep-15,1.6160,1.5940,
9,2015,09-sep-15,1.6490,1.6280,
9,2015,10-sep-15,1.6270,1.6080,
9,2015,11-sep-15,1.6350,1.6150,
9,2015,14-sep-15,1.6180,1.5990,
9,2015,15-sep-15,1.6160,1.6010,
9,2015,16-sep-15,1.6190,1.5990,
9,2015,17-sep-15,1.6190,1.6070,
9,2015,18-sep-15,1.6360,1.6250,
9,2015,21-sep-15,1.6230,1.6120,
9,2015,22-sep-15,1.5890,1.5790,
9,2015,23-sep-15,1.5830,1.5720,
9,2015,24-sep-15,1.5730,1.5610,
9,2015,25-sep-15,1.5780,1.5670,
9,2015,28-sep-15,1.5500,1.5370,
9,2015,29-sep-15,1.5620,1.5490,
9,2015,30-sep-15,1.5730,1.5620,
10,2015,01-oct-15,1.5880,1.5790,
10,2015,02-oct-15,1.5530,1.5450,
10,2015,05-oct-15,1.5560,1.5470,
10,2015,06-oct-15,1.5570,1.5470,
10,2015,07-oct-15,1.5800,1.5670,
10,2015,08-oct-15,1.5680,1.5520,
10,2015,09-oct-15,1.6240,1.6070,
10,2015,12-oct-15,1.6270,1.6080,
10,2015,13-oct-15,1.5770,1.5600,
10,2015,14-oct-15,1.5890,1.5690,
10,2015,15-oct-15,1.5880,1.5680,
10,2015,16-oct-15,1.5640,1.5430,
10,2015,19-oct-15,1.5590,1.5360,
10,2015,20-oct-15,1.5360,1.5070,
10,2015,21-oct-15,1.5240,1.4910,
10,2015,22-oct-15,1.5170,1.4800,
10,2015,23-oct-15,1.5170,1.4810,
10,2015,26-oct-15,1.5020,1.4680,
10,2015,27-oct-15,1.4910,1.4540,
10,2015,28-oct-15,1.4670,1.4340,
10,2015,29-oct-15,1.4720,1.4410,
10,2015,30-oct-15,1.4790,1.4480,
11,2015,02-nov-15,1.4840,1.4520,
11,2015,03-nov-15,1.5010,1.4700,
11,2015,04-nov-15,1.5030,1.4730,
11,2015,05-nov-15,1.4970,1.4730,
11,2015,06-nov-15,1.5080,1.4920,
11,2015,09-nov-15,1.5190,1.5060,
11,2015,10-nov-15,1.4990,1.4860,
11,2015,11-nov-15,1.5060,1.4940,
11,2015,12-nov-15,1.4930,1.4850,
11,2015,13-nov-15,1.4900,1.4760,
11,2015,16-nov-15,1.4740,1.4580,
11,2015,17-nov-15,1.4800,1.4630,
11,2015,18-nov-15,1.4740,1.4540,
11,2015,19-nov-15,1.4620,1.4460,
11,2015,20-nov-15,1.4880,1.4750,
11,2015,23-nov-15,1.4350,1.4240,
11,2015,24-nov-15,1.4450,1.4330,
11,2015,25-nov-15,1.4400,1.4290,
11,2015,26-nov-15,1.4810,1.4710,
11,2015,27-nov-15,1.4870,1.4800,
11,2015,30-nov-15,1.4520,1.4420,
12,2015,01-dic-15,1.4500,1.4420,
12,2015,02-dic-15,1.4690,1.4600,
12,2015,03-dic-15,1.4690,1.4630,
12,2015,04-dic-15,1.5110,1.5030,
12,2015,07-dic-15,1.5090,1.4980,
12,2015,08-dic-15,1.4680,1.4620,
12,2015,09-dic-15,1.4950,1.4940,
12,2015,10-dic-15,1.4820,1.4790,
12,2015,11-dic-15,1.4960,1.5000,
12,2015,14-dic-15,1.4760,1.4760,
12,2015,15-dic-15,1.4770,1.4780,
12,2015,16-dic-15,1.4780,1.4780,
12,2015,17-dic-15,1.4750,1.4830,
12,2015,18-dic-15,1.5000,1.5080,
12,2015,21-dic-15,1.5060,1.5100,
12,2015,22-dic-15,1.5150,1.5180,
12,2015,23-dic-15,1.5280,1.5390,
12,2015,24-dic-15,1.5420,1.5410,
12,2015,29-dic-15,1.5410,1.5350,
12,2015,30-dic-15,1.5130,1.5070,
12,2015,31-dic-15,1.5140,1.5080,
1,2016,04-ene-16,1.4710,1.4660,
1,2016,05-ene-16,1.4780,1.4730,
1,2016,06-ene-16,1.4640,1.4570,
1,2016,07-ene-16,1.4610,1.4550,
1,2016,08-ene-16,1.4830,1.4760,
1,2016,11-ene-16,1.4770,1.4720,
1,2016,12-ene-16,1.4620,1.4570,
1,2016,13-ene-16,1.4520,1.4530,
1,2016,14-ene-16,1.4710,1.4780,
1,2016,15-ene-16,1.4680,1.4680,
1,2016,18-ene-16,1.4760,1.4870,
1,2016,19-ene-16,1.4910,1.4940,
1,2016,20-ene-16,1.4680,1.4620,
1,2016,21-ene-16,1.4710,1.4700,
1,2016,22-ene-16,1.4970,1.4980,
1,2016,25-ene-16,1.4810,1.4800,
1,2016,26-ene-16,1.4810,1.4810,
1,2016,27-ene-16,1.5060,1.5080,
1,2016,28-ene-16,1.5240,1.5270,
1,2016,29-ene-16,1.5240,1.5300,
2,2016,01-feb-16,1.5160,1.5200,
2,2016,02-feb-16,1.5240,1.5250,
2,2016,03-feb-16,1.5120,1.5140,
2,2016,04-feb-16,1.5310,1.5320,
2,2016,05-feb-16,1.5330,1.5310,
2,2016,08-feb-16,1.4990,1.4960,
2,2016,09-feb-16,1.4920,1.4920,
2,2016,10-feb-16,1.4950,1.4990,
2,2016,11-feb-16,1.4890,1.4940,
2,2016,12-feb-16,1.4950,1.4990,
2,2016,15-feb-16,1.5070,1.5060,
2,2016,16-feb-16,1.5270,1.5290,
2,2016,17-feb-16,1.5150,1.5200,
2,2016,18-feb-16,1.5180,1.5300,
2,2016,19-feb-16,1.5370,1.5520,
2,2016,22-feb-16,1.5550,1.5730,
2,2016,23-feb-16,1.5650,1.5760,
2,2016,24-feb-16,1.5450,1.5520,
2,2016,25-feb-16,1.5770,1.6000,
2,2016,26-feb-16,1.5720,1.5890,
2,2016,29-feb-16,1.5860,1.6220,
3,2016,01-mar-16,1.5770,1.5910,
3,2016,02-mar-16,1.5810,1.5970,
3,2016,03-mar-16,1.5880,1.6040,
3,2016,04-mar-16,1.5730,1.5880,
3,2016,07-mar-16,1.5870,1.6000,
3,2016,08-mar-16,1.5890,1.5900,
3,2016,09-mar-16,1.5640,1.5640,
3,2016,10-mar-16,1.5740,1.5650,
3,2016,11-mar-16,1.5600,1.5490,
3,2016,14-mar-16,1.5470,1.5330,
3,2016,15-mar-16,1.5240,1.5080,
3,2016,16-mar-16,1.5100,1.4950,
3,2016,17-mar-16,1.5250,1.5040,
3,2016,18-mar-16,1.5200,1.4980,
3,2016,21-mar-16,1.5130,1.4860,
3,2016,22-mar-16,1.5030,1.4810,
3,2016,23-mar-16,1.4950,1.4800,
3,2016,24-mar-16,1.4800,1.4700,
3,2016,29-mar-16,1.4840,1.4730,
4,2016,01-abr-16,1.5360,1.5240,
4,2016,04-abr-16,1.5370,1.5230,
4,2016,05-abr-16,1.5190,1.4980,
4,2016,06-abr-16,1.5050,1.4810,
4,2016,07-abr-16,1.5060,1.4850,
4,2016,08-abr-16,1.5090,1.4920,
4,2016,11-abr-16,1.5070,1.4940,
4,2016,12-abr-16,1.5260,1.5140,
4,2016,13-abr-16,1.5510,1.5460,
4,2016,14-abr-16,1.5630,1.5490,
4,2016,15-abr-16,1.5460,1.5350,
4,2016,18-abr-16,1.5560,1.5470,
4,2016,19-abr-16,1.5660,1.5660,
4,2016,20-abr-16,1.6010,1.5980,
4,2016,21-abr-16,1.6380,1.6280,
4,2016,22-abr-16,1.6430,1.6350,
4,2016,25-abr-16,1.6520,1.6410,
4,2016,26-abr-16,1.6430,1.6320,
4,2016,27-abr-16,1.6470,1.6430,
4,2016,28-abr-16,1.6500,1.6490,
4,2016,29-abr-16,1.6750,1.6730,
5,2016,03-may-16,1.6490,1.6290,
5,2016,04-may-16,1.6300,1.6110,
5,2016,05-may-16,1.6170,1.6020,
5,2016,06-may-16,1.6150,1.5990,
5,2016,09-may-16,1.5750,1.5570,
5,2016,10-may-16,1.5620,1.5430,
5,2016,11-may-16,1.5740,1.5600,
5,2016,12-may-16,1.5560,1.5450,
5,2016,13-may-16,1.5440,1.5290,
5,2016,16-may-16,1.5410,1.5260,
5,2016,17-may-16,1.5430,1.5320,
5,2016,18-may-16,1.5420,1.5300,
5,2016,19-may-16,1.5490,1.5360,
5,2016,20-may-16,1.5690,1.5590,
5,2016,23-may-16,1.5400,1.5260,
5,2016,24-may-16,1.5620,1.5530,
5,2016,25-may-16,1.5460,1.5390,
5,2016,26-may-16,1.5590,1.5530,
5,2016,27-may-16,1.5590,1.5520,
5,2016,31-may-16,1.5590,1.5480,
6,2016,01-jun-16,1.5570,1.5440,
6,2016,02-jun-16,1.5660,1.5590,
6,2016,03-jun-16,1.5490,1.5430,
6,2016,06-jun-16,1.5580,1.5480,
6,2016,07-jun-16,1.5520,1.5410,
6,2016,08-jun-16,1.6070,1.5960,
6,2016,09-jun-16,1.6010,1.5920,
6,2016,10-jun-16,1.5860,1.5840,
6,2016,13-jun-16,1.5820,1.5820,
6,2016,14-jun-16,1.6060,1.6050,
6,2016,15-jun-16,1.6250,1.6140,
6,2016,16-jun-16,1.6040,1.5930,
6,2016,17-jun-16,1.6140,1.6030,
6,2016,20-jun-16,1.6190,1.6080,
6,2016,21-jun-16,1.6340,1.6240,
6,2016,22-jun-16,1.6340,1.6240,
6,2016,23-jun-16,1.6350,1.6280,
6,2016,24-jun-16,1.6110,1.6010,
6,2016,27-jun-16,1.6030,1.5920,
6,2016,28-jun-16,1.6130,1.6030,
6,2016,29-jun-16,1.6240,1.6140,
6,2016,30-jun-16,1.6440,1.6350,
7,2016,01-jul-16,1.6550,1.6450,
7,2016,04-jul-16,1.6630,1.6530,
7,2016,05-jul-16,1.6340,1.6240,
7,2016,06-jul-16,1.6350,1.6240,
7,2016,07-jul-16,1.6470,1.6370,
7,2016,08-jul-16,1.6530,1.6410,
7,2016,11-jul-16,1.6630,1.6530,
7,2016,12-jul-16,1.6600,1.6460,
7,2016,13-jul-16,1.6820,1.6700,
7,2016,14-jul-16,1.6810,1.6720,
7,2016,15-jul-16,1.6960,1.6820,
7,2016,18-jul-16,1.6530,1.6450,
7,2016,19-jul-16,1.6560,1.6430,
7,2016,20-jul-16,1.6250,1.6090,
7,2016,21-jul-16,1.6120,1.5950,
7,2016,22-jul-16,1.6130,1.6000,
7,2016,25-jul-16,1.6130,1.6010,
7,2016,26-jul-16,1.6010,1.5910,
7,2016,27-jul-16,1.5930,1.5840,
7,2016,28-jul-16,1.6030,1.5980,
7,2016,29-jul-16,1.6280,1.6160,
8,2016,01-ago-16,1.6540,1.6460,
8,2016,02-ago-16,1.6420,1.6360,
8,2016,03-ago-16,1.6300,1.6200,
8,2016,04-ago-16,1.6310,1.6160,
8,2016,05-ago-16,1.6380,1.6280,
8,2016,08-ago-16,1.6530,1.6450,
8,2016,09-ago-16,1.6400,1.6260,
8,2016,10-ago-16,1.6580,1.6460,
8,2016,11-ago-16,1.6430,1.6300,
8,2016,12-ago-16,1.6450,1.6350,
8,2016,15-ago-16,1.6570,1.6450,
8,2016,16-ago-16,1.6870,1.6760,
8,2016,17-ago-16,1.6960,1.6860,
8,2016,18-ago-16,1.7010,1.6910,
8,2016,19-ago-16,1.6630,1.6490,
8,2016,22-ago-16,1.6610,1.6520,
8,2016,23-ago-16,1.6670,1.6530,
8,2016,24-ago-16,1.6670,1.6570,
8,2016,25-ago-16,1.6380,1.6240,
8,2016,26-ago-16,1.6440,1.6280,
8,2016,30-ago-16,1.6420,1.6280,
8,2016,31-ago-16,1.6240,1.6010,
9,2016,01-sep-16,1.6080,1.5870,
9,2016,02-sep-16,1.6100,1.5920,
9,2016,05-sep-16,1.5870,1.5690,
9,2016,06-sep-16,1.5910,1.5740,
9,2016,07-sep-16,1.5990,1.5830,
9,2016,08-sep-16,1.5860,1.5660,
9,2016,09-sep-16,1.5870,1.5680,
9,2016,12-sep-16,1.5660,1.5460,
9,2016,13-sep-16,1.5740,1.5570,
9,2016,14-sep-16,1.5660,1.5530,
9,2016,15-sep-16,1.5740,1.5600,
9,2016,16-sep-16,1.5690,1.5600,
9,2016,19-sep-16,1.5760,1.5590,
9,2016,20-sep-16,1.5760,1.5630,
9,2016,21-sep-16,1.5780,1.5700,
9,2016,22-sep-16,1.6210,1.6120,
9,2016,23-sep-16,1.6430,1.6380,
9,2016,26-sep-16,1.6310,1.6200,
9,2016,27-sep-16,1.6640,1.6480,
9,2016,28-sep-16,1.6580,1.6490,
9,2016,29-sep-16,1.6640,1.6530,
9,2016,30-sep-16,1.6690,1.6590,
10,2016,03-oct-16,1.6600,1.6500,
10,2016,04-oct-16,1.6790,1.6710,
10,2016,05-oct-16,1.6690,1.6630,
10,2016,06-oct-16,1.6760,1.6680,
10,2016,07-oct-16,1.6820,1.6750,
10,2016,10-oct-16,1.6820,1.6780,
10,2016,11-oct-16,1.6740,1.6730,
10,2016,12-oct-16,1.6860,1.6840,
10,2016,13-oct-16,1.6870,1.6810,
10,2016,14-oct-16,1.6860,1.6850,
10,2016,17-oct-16,1.6540,1.6450,
10,2016,18-oct-16,1.6720,1.6640,
10,2016,19-oct-16,1.6280,1.6220,
10,2016,20-oct-16,1.6180,1.6130,
10,2016,21-oct-16,1.6210,1.6170,
10,2016,24-oct-16,1.6330,1.6270,
10,2016,25-oct-16,1.6590,1.6510,
10,2016,26-oct-16,1.6810,1.6730,
10,2016,27-oct-16,1.6870,1.6820,
10,2016,28-oct-16,1.7020,1.7020,
10,2016,31-oct-16,1.7240,1.7230,
11,2016,01-nov-16,1.7340,1.7320,
11,2016,02-nov-16,1.7110,1.7090,
11,2016,03-nov-16,1.7290,1.7260,
11,2016,04-nov-16,1.7220,1.7190,
11,2016,07-nov-16,1.7220,1.7160,
11,2016,08-nov-16,1.7150,1.7060,
11,2016,09-nov-16,1.7390,1.7380,
11,2016,10-nov-16,1.7730,1.7730,
11,2016,11-nov-16,1.7790,1.7770,
11,2016,14-nov-16,1.7550,1.7650,
11,2016,15-nov-16,1.7220,1.7270,
11,2016,16-nov-16,1.7100,1.7190,
11,2016,17-nov-16,1.6850,1.6930,
11,2016,18-nov-16,1.7000,1.7120,
11,2016,21-nov-16,1.7140,1.7260,
11,2016,22-nov-16,1.7370,1.7390,
11,2016,23-nov-16,1.7600,1.7660,
11,2016,24-nov-16,1.7760,1.7740,
11,2016,25-nov-16,1.7520,1.7510,
11,2016,28-nov-16,1.7690,1.7670,
11,2016,29-nov-16,1.7240,1.7220,
11,2016,30-nov-16,1.7240,1.7230,
12,2016,01-dic-16,1.7250,1.7240,
12,2016,02-dic-16,1.7130,1.7150,
12,2016,05-dic-16,1.7240,1.7280,
12,2016,06-dic-16,1.7130,1.7180,
12,2016,07-dic-16,1.7250,1.7280,
12,2016,08-dic-16,1.7240,1.7320,
12,2016,09-dic-16,1.7380,1.7430,
12,2016,12-dic-16,1.7430,1.7500,
12,2016,13-dic-16,1.7480,1.7550,
12,2016,14-dic-16,1.7420,1.7520,
12,2016,15-dic-16,1.7290,1.7360,
12,2016,16-dic-16,1.7240,1.7330,
12,2016,19-dic-16,1.7120,1.7170,
12,2016,20-dic-16,1.7160,1.7230,
12,2016,21-dic-16,1.7210,1.7310,
12,2016,22-dic-16,1.7210,1.7380,
12,2016,23-dic-16,1.7190,1.7400,
12,2016,28-dic-16,1.7140,1.7270,
12,2016,29-dic-16,1.7020,1.7130,
12,2016,30-dic-16,1.7020,1.7140,
1,2017,03-ene-17,1.6930,1.7020,
1,2017,04-ene-17,1.6890,1.7010,
1,2017,05-ene-17,1.7020,1.7100,
1,2017,06-ene-17,1.7120,1.7220,
1,2017,09-ene-17,1.7060,1.7170,
1,2017,10-ene-17,1.7470,1.7580,
1,2017,11-ene-17,1.7470,1.7490,
1,2017,12-ene-17,1.7880,1.7880,
1,2017,13-ene-17,1.7920,1.7910,
1,2017,16-ene-17,1.8120,1.8120,
1,2017,17-ene-17,1.8040,1.8060,
1,2017,18-ene-17,1.7990,1.8010,
1,2017,19-ene-17,1.8240,1.8320,
1,2017,20-ene-17,1.8330,1.8390,
1,2017,23-ene-17,1.8630,1.8700,
1,2017,24-ene-17,1.8680,1.8700,
1,2017,25-ene-17,1.8450,1.8490,
1,2017,26-ene-17,1.8400,1.8380,
1,2017,27-ene-17,1.8240,1.8280,
1,2017,30-ene-17,1.8110,1.8070,
1,2017,31-ene-17,1.8210,1.8210,
2,2017,01-feb-17,1.8190,1.8180,
2,2017,02-feb-17,1.8220,1.8130,
2,2017,03-feb-17,1.8160,1.8090,
2,2017,06-feb-17,1.8270,1.8120,
2,2017,07-feb-17,1.8240,1.8090,
2,2017,08-feb-17,1.8410,1.8210,
2,2017,09-feb-17,1.8560,1.8390,
2,2017,10-feb-17,1.8580,1.8490,
2,2017,13-feb-17,1.8720,1.8680,
2,2017,14-feb-17,1.9010,1.8930,
2,2017,15-feb-17,1.8850,1.8710,
2,2017,16-feb-17,1.8920,1.8780,
2,2017,17-feb-17,1.8790,1.8660,
2,2017,20-feb-17,1.8880,1.8780,
2,2017,21-feb-17,1.8900,1.8780,
2,2017,22-feb-17,1.8780,1.8730,
2,2017,23-feb-17,1.8910,1.8830,
2,2017,24-feb-17,1.8810,1.8770,
2,2017,27-feb-17,1.9060,1.9080,
2,2017,28-feb-17,1.8960,1.8950,
3,2017,01-mar-17,1.9390,1.9340,
3,2017,02-mar-17,1.9360,1.9290,
3,2017,03-mar-17,1.9130,1.9090,
3,2017,06-mar-17,1.8720,1.8680,
3,2017,07-mar-17,1.8670,1.8580,
3,2017,08-mar-17,1.8890,1.8810,
3,2017,09-mar-17,1.8560,1.8470,
3,2017,10-mar-17,1.8980,1.8850,
3,2017,13-mar-17,1.8950,1.8820,
3,2017,14-mar-17,1.8630,1.8510,
3,2017,15-mar-17,1.8760,1.8630,
3,2017,16-mar-17,1.9060,1.8950,
3,2017,17-mar-17,1.9110,1.9010,
3,2017,20-mar-17,1.9240,1.9080,
3,2017,21-mar-17,1.9300,1.9180,
3,2017,22-mar-17,1.9220,1.9100,
3,2017,23-mar-17,1.9230,1.9130,
3,2017,24-mar-17,1.9300,1.9180,
3,2017,27-mar-17,1.9250,1.9160,
3,2017,28-mar-17,1.9290,1.9190,
3,2017,29-mar-17,1.9390,1.9310,
3,2017,30-mar-17,1.9600,1.9550,
3,2017,31-mar-17,1.9550,1.9470,
4,2017,03-abr-17,1.9590,1.9490,
4,2017,04-abr-17,1.9490,1.9380,
4,2017,05-abr-17,1.9720,1.9620,
4,2017,06-abr-17,1.9690,1.9560,
4,2017,07-abr-17,1.9440,1.9300,
4,2017,10-abr-17,1.9410,1.9290,
4,2017,11-abr-17,1.9190,1.9080,
4,2017,12-abr-17,1.9170,1.9070,
4,2017,13-abr-17,1.9030,1.8900,
4,2017,18-abr-17,1.9300,1.9160,
4,2017,19-abr-17,1.9090,1.8960,
4,2017,20-abr-17,1.9430,1.9330,
4,2017,21-abr-17,1.9400,1.9330,
4,2017,24-abr-17,1.9340,1.9280,
4,2017,25-abr-17,1.9540,1.9430,
4,2017,26-abr-17,1.9640,1.9580,
4,2017,27-abr-17,1.9620,1.9550,
4,2017,28-abr-17,1.9380,1.9300,
5,2017,02-may-17,1.9180,1.9090,
5,2017,03-may-17,1.9230,1.9160,
5,2017,04-may-17,1.9170,1.9100,
5,2017,05-may-17,1.9140,1.9070,
5,2017,08-may-17,1.8840,1.8790,
5,2017,09-may-17,1.8800,1.8740,
5,2017,10-may-17,1.8750,1.8700,
5,2017,11-may-17,1.8900,1.8870,
5,2017,12-may-17,1.8840,1.8800,
5,2017,15-may-17,1.9050,1.9000,
5,2017,16-may-17,1.9130,1.9150,
5,2017,17-may-17,1.9260,1.9280,
5,2017,18-may-17,1.9060,1.9050,
5,2017,19-may-17,1.9380,1.9380,
5,2017,22-may-17,1.9420,1.9430,
5,2017,23-may-17,1.9300,1.9260,
5,2017,24-may-17,1.9440,1.9440,
5,2017,26-may-17,1.9540,1.9500,
5,2017,30-may-17,1.9440,1.9440,
5,2017,31-may-17,1.9190,1.9200,
6,2017,01-jun-17,1.9310,1.9300,
6,2017,02-jun-17,1.9140,1.9170,
6,2017,05-jun-17,1.9180,1.9180,
6,2017,06-jun-17,1.8900,1.8930,
6,2017,07-jun-17,1.9040,1.9040,
6,2017,08-jun-17,1.9040,1.9030,
6,2017,09-jun-17,1.9030,1.9020,
6,2017,12-jun-17,1.8930,1.8880,
6,2017,13-jun-17,1.8840,1.8770,
6,2017,14-jun-17,1.8960,1.8870,
6,2017,15-jun-17,1.8750,1.8640,
6,2017,16-jun-17,1.8720,1.8610,
6,2017,19-jun-17,1.8760,1.8620,
6,2017,20-jun-17,1.9000,1.8890,
6,2017,21-jun-17,1.8740,1.8660,
6,2017,22-jun-17,1.8780,1.8720,
6,2017,23-jun-17,1.8760,1.8680,
6,2017,26-jun-17,1.8630,1.8550,
6,2017,27-jun-17,1.8720,1.8620,
6,2017,28-jun-17,1.8930,1.8860,
6,2017,29-jun-17,1.9020,1.8980,
6,2017,30-jun-17,1.9150,1.9090,
7,2017,03-jul-17,1.9220,1.9180,
7,2017,04-jul-17,1.9140,1.9040,
7,2017,05-jul-17,1.9190,1.9130,
7,2017,06-jul-17,1.9360,1.9260,
7,2017,07-jul-17,1.9320,1.9200,
7,2017,10-jul-17,1.9230,1.9140,
7,2017,11-jul-17,1.8920,1.8790,
7,2017,12-jul-17,1.8940,1.8770,
7,2017,13-jul-17,1.9290,1.9110,
7,2017,14-jul-17,1.9210,1.9040,
7,2017,17-jul-17,1.9250,1.9010,
7,2017,18-jul-17,1.9070,1.8870,
7,2017,19-jul-17,1.9360,1.9070,
7,2017,20-jul-17,1.9240,1.8980,
7,2017,21-jul-17,1.9260,1.9010,
7,2017,24-jul-17,1.9180,1.8900,
7,2017,25-jul-17,1.9190,1.8970,
7,2017,26-jul-17,1.9340,1.9120,
7,2017,27-jul-17,1.9440,1.9230,
7,2017,28-jul-17,1.9130,1.8920,
7,2017,31-jul-17,1.9240,1.9040,
8,2017,01-ago-17,1.9100,1.8770,
8,2017,02-ago-17,1.9260,1.9040,
8,2017,03-ago-17,1.9160,1.8920,
8,2017,04-ago-17,1.9110,1.8900,
8,2017,07-ago-17,1.9400,1.9200,
8,2017,08-ago-17,1.9230,1.9810,
8,2017,09-ago-17,2.0240,2.0180,
8,2017,10-ago-17,2.0310,2.0240,
8,2017,11-ago-17,2.0380,2.0410,
8,2017,14-ago-17,2.0320,2.0300,
8,2017,15-ago-17,2.0510,2.0560,
8,2017,16-ago-17,2.0700,2.0750,
8,2017,17-ago-17,2.0860,2.0960,
8,2017,18-ago-17,2.0890,2.1050,
8,2017,21-ago-17,2.0820,2.0850,
8,2017,22-ago-17,2.0850,2.1050,
8,2017,23-ago-17,2.0760,2.0830,
8,2017,24-ago-17,2.1020,2.1050,
8,2017,25-ago-17,2.0990,2.0970,
8,2017,29-ago-17,2.1040,2.0920,
8,2017,30-ago-17,2.0860,2.0670,
8,2017,31-ago-17,2.1320,2.1140,
9,2017,01-sep-17,2.1340,2.1140,
9,2017,04-sep-17,2.1200,2.0960,
9,2017,05-sep-17,2.1070,2.0820,
9,2017,06-sep-17,2.0920,2.0700,
9,2017,07-sep-17,2.0970,2.0750,
9,2017,08-sep-17,2.0960,2.0720,
9,2017,11-sep-17,2.1290,2.1010,
9,2017,12-sep-17,2.1180,2.0830,
9,2017,13-sep-17,2.1180,2.0830,
9,2017,14-sep-17,2.0910,2.0650,
9,2017,15-sep-17,2.1000,2.0680,
9,2017,18-sep-17,2.0960,2.0670,
9,2017,19-sep-17,2.1320,2.1080,
9,2017,20-sep-17,2.1910,2.1640,
9,2017,21-sep-17,2.1740,2.1540,
9,2017,22-sep-17,2.1600,2.1370,
9,2017,25-sep-17,2.1480,2.1280,
9,2017,26-sep-17,2.1380,2.1160,
9,2017,27-sep-17,2.1400,2.1170,
9,2017,28-sep-17,2.1280,2.1030,
9,2017,29-sep-17,2.1330,2.1110,
10,2017,02-oct-17,2.0900,2.0670,
10,2017,03-oct-17,2.1270,2.1150,
10,2017,04-oct-17,2.1550,2.1400,
10,2017,05-oct-17,2.1470,2.1240,
10,2017,06-oct-17,2.1460,2.1220,
10,2017,09-oct-17,2.1570,2.1350,
10,2017,10-oct-17,2.1610,2.1330,
10,2017,11-oct-17,2.1470,2.1240,
10,2017,12-oct-17,2.1430,2.1180,
10,2017,13-oct-17,2.1610,2.1400,
10,2017,16-oct-17,2.1600,2.1440,
10,2017,17-oct-17,2.1360,2.1110,
10,2017,18-oct-17,2.1260,2.1070,
10,2017,19-oct-17,2.1390,2.1290,
10,2017,20-oct-17,2.1660,2.1590,
10,2017,23-oct-17,2.1450,2.1340,
10,2017,24-oct-17,2.1560,2.1440,
10,2017,25-oct-17,2.1590,2.1500,
10,2017,26-oct-17,2.1880,2.1750,
10,2017,27-oct-17,2.1420,2.1190,
10,2017,30-oct-17,2.1610,2.1430,
10,2017,31-oct-17,2.1570,2.1400,
11,2017,01-nov-17,2.1970,2.1880,
11,2017,02-nov-17,2.1670,2.1520,
11,2017,03-nov-17,2.1840,2.1650,
11,2017,06-nov-17,2.1730,2.1520,
11,2017,07-nov-17,2.1510,2.1310,
11,2017,08-nov-17,2.1200,2.1040,
11,2017,09-nov-17,2.0920,2.0780,
11,2017,10-nov-17,2.1040,2.0900,
11,2017,13-nov-17,2.1140,2.1000,
11,2017,14-nov-17,2.1060,2.0850,
11,2017,15-nov-17,2.0970,2.0820,
11,2017,16-nov-17,2.1240,2.1060,
11,2017,17-nov-17,2.0960,2.0770,
11,2017,20-nov-17,2.0820,2.0680,
11,2017,21-nov-17,2.0800,2.0620,
11,2017,22-nov-17,2.1030,2.0850,
11,2017,23-nov-17,2.1040,2.0900,
11,2017,24-nov-17,2.1200,2.1040,
11,2017,27-nov-17,2.1240,2.1100,
11,2017,28-nov-17,2.1140,2.1000,
11,2017,29-nov-17,2.0760,2.0620,
11,2017,30-nov-17,2.0520,2.0330,
12,2017,01-dic-17,2.0620,2.0470,
12,2017,04-dic-17,2.0710,2.0530,
12,2017,05-dic-17,2.0680,2.0520,
12,2017,06-dic-17,2.0430,2.0290,
12,2017,07-dic-17,2.0120,1.9940,
12,2017,08-dic-17,2.0120,1.9920,
12,2017,11-dic-17,2.0060,1.9920,
12,2017,12-dic-17,2.0270,2.0040,
12,2017,13-dic-17,2.0160,1.9970,
12,2017,14-dic-17,2.0340,2.0170,
12,2017,15-dic-17,2.0510,2.0360,
12,2017,18-dic-17,2.0680,2.0480,
12,2017,19-dic-17,2.0820,2.0610,
12,2017,20-dic-17,2.1140,2.0920,
12,2017,21-dic-17,2.1260,2.1090,
12,2017,22-dic-17,2.1540,2.1370,
12,2017,27-dic-17,2.2090,2.2000,
12,2017,28-dic-17,2.2570,2.2460,
1,2018,03-ene-18,2.2520,2.2410,
1,2018,04-ene-18,2.2680,2.2560,
1,2018,05-ene-18,2.2250,2.2060,
1,2018,08-ene-18,2.1940,2.1780,
1,2018,09-ene-18,2.1620,2.1440,
1,2018,10-ene-18,2.1730,2.1590,
1,2018,11-ene-18,2.1910,2.1790,
1,2018,12-ene-18,2.2230,2.2150,
1,2018,15-ene-18,2.2320,2.2280,
1,2018,16-ene-18,2.1820,2.1720,
1,2018,17-ene-18,2.1940,2.1870,
1,2018,18-ene-18,2.2190,2.2250,
1,2018,19-ene-18,2.2540,2.2560,
1,2018,22-ene-18,2.2390,2.2350,
1,2018,23-ene-18,2.2180,2.2140,
1,2018,24-ene-18,2.2210,2.2160,
1,2018,25-ene-18,2.2410,2.2380,
1,2018,26-ene-18,2.2410,2.2380,
1,2018,29-ene-18,2.2580,2.2520,
1,2018,30-ene-18,2.2260,2.2290,
1,2018,31-ene-18,2.2220,2.2250,
2,2018,01-feb-18,2.2160,2.2180,
2,2018,02-feb-18,2.2270,2.2280,
2,2018,05-feb-18,2.2030,2.2020,
2,2018,06-feb-18,2.1950,2.1960,
2,2018,07-feb-18,2.1790,2.1820,
2,2018,08-feb-18,2.1630,2.1680,
2,2018,09-feb-18,2.1440,2.1420,
2,2018,12-feb-18,2.1300,2.1300,
2,2018,13-feb-18,2.1340,2.1240,
2,2018,14-feb-18,2.1410,2.1380,
2,2018,15-feb-18,2.1650,2.1640,
2,2018,16-feb-18,2.1810,2.1900,
2,2018,19-feb-18,2.2250,2.2660,
2,2018,20-feb-18,2.2060,2.2390,
2,2018,21-feb-18,2.1760,2.1900,
2,2018,22-feb-18,2.1820,2.1940,
2,2018,23-feb-18,2.1660,2.2100,
2,2018,26-feb-18,2.1610,2.1890,
2,2018,27-feb-18,2.1470,2.1730,
2,2018,28-feb-18,2.1380,2.1590,
3,2018,01-mar-18,2.1380,2.1430,
3,2018,02-mar-18,2.1520,2.1440,
3,2018,05-mar-18,2.1410,2.1350,
3,2018,06-mar-18,2.1550,2.1360,
3,2018,07-mar-18,2.1320,2.1130,
3,2018,08-mar-18,2.1040,2.0830,
3,2018,09-mar-18,2.0990,2.0790,
3,2018,12-mar-18,2.1180,2.0970,
3,2018,13-mar-18,2.1010,2.0800,
3,2018,14-mar-18,2.1170,2.0960,
3,2018,15-mar-18,2.0860,2.0630,
3,2018,16-mar-18,2.0890,2.0690,
3,2018,19-mar-18,2.0920,2.0710,
3,2018,20-mar-18,2.0940,2.0730,
3,2018,21-mar-18,2.0790,2.0570,
3,2018,22-mar-18,2.0790,2.0590,
3,2018,23-mar-18,2.0720,2.0490,
3,2018,26-mar-18,2.0480,2.0220,
3,2018,27-mar-18,2.0560,2.0350,
3,2018,28-mar-18,2.0290,2.0090,
3,2018,29-mar-18,2.0140,1.9970,
4,2018,03-abr-18,2.0270,2.0100,
4,2018,04-abr-18,1.9900,1.9720,
4,2018,05-abr-18,1.9900,1.9690,
4,2018,06-abr-18,1.9880,1.9670,
4,2018,09-abr-18,2.1220,2.1130,
4,2018,10-abr-18,2.1750,2.1720,
4,2018,11-abr-18,2.2450,2.2530,
4,2018,12-abr-18,2.2120,2.2210,
4,2018,13-abr-18,2.3040,2.3250,
4,2018,16-abr-18,2.3490,2.3590,
4,2018,17-abr-18,2.3720,2.3760,
4,2018,18-abr-18,2.5230,2.5290,
4,2018,19-abr-18,2.5870,2.6030,
4,2018,20-abr-18,2.4500,2.4630,
4,2018,23-abr-18,2.4390,2.4520,
4,2018,24-abr-18,2.2230,2.2220,
4,2018,25-abr-18,2.2390,2.2480,
4,2018,26-abr-18,2.2060,2.2040,
4,2018,27-abr-18,2.2480,2.2490,
4,2018,30-abr-18,2.2260,2.2240,
5,2018,01-may-18,2.2380,2.2580,
5,2018,02-may-18,2.2700,2.2690,
5,2018,03-may-18,2.3420,2.3490,
5,2018,04-may-18,2.3070,2.3160,
5,2018,08-may-18,2.3630,2.3840,
5,2018,09-may-18,2.2810,2.2950,
5,2018,10-may-18,2.3260,2.3270,
5,2018,11-may-18,2.2750,2.2740,
5,2018,14-may-18,2.2960,2.2860,
5,2018,15-may-18,2.3110,2.3130,
5,2018,16-may-18,2.3130,2.3200,
5,2018,17-may-18,2.2610,2.2800,
5,2018,18-may-18,2.2940,2.2970,
5,2018,21-may-18,2.2800,2.2790,
5,2018,22-may-18,2.2740,2.2660,
5,2018,23-may-18,2.2410,2.2270,
5,2018,24-may-18,2.2710,2.2710,
5,2018,25-may-18,2.2850,2.2820,
5,2018,29-may-18,2.2630,2.2600,
5,2018,30-may-18,2.2730,2.2660,
5,2018,31-may-18,2.2860,2.2860,
6,2018,01-jun-18,2.2710,2.2710,
6,2018,04-jun-18,2.3210,2.3250,
6,2018,05-jun-18,2.3160,2.3150,
6,2018,06-jun-18,2.3230,2.3180,
6,2018,07-jun-18,2.3370,2.3310,
6,2018,08-jun-18,2.3000,2.2880,
6,2018,11-jun-18,2.2970,2.3000,
6,2018,12-jun-18,2.3110,2.3090,
6,2018,13-jun-18,2.2760,2.2780,
6,2018,14-jun-18,2.2670,2.2780,
6,2018,15-jun-18,2.2330,2.2400,
6,2018,18-jun-18,2.2160,2.2210,
6,2018,19-jun-18,2.1790,2.1790,
6,2018,20-jun-18,2.1770,2.1790,
6,2018,21-jun-18,2.1660,2.1670,
6,2018,22-jun-18,2.1720,2.1660,
6,2018,25-jun-18,2.1670,2.1720,
6,2018,26-jun-18,2.1430,2.1520,
6,2018,27-jun-18,2.1980,2.2050,
6,2018,28-jun-18,2.1550,2.1730,
6,2018,29-jun-18,2.1600,2.1830,
7,2018,02-jul-18,2.1300,2.1530,
7,2018,03-jul-18,2.1330,2.1650,
7,2018,04-jul-18,2.1000,2.1210,
7,2018,05-jul-18,2.1010,2.1270,
7,2018,06-jul-18,2.0720,2.0990,
7,2018,09-jul-18,2.1060,2.1360,
7,2018,10-jul-18,2.1100,2.1410,
7,2018,11-jul-18,2.0790,2.1210,
7,2018,12-jul-18,2.0570,2.1050,
7,2018,13-jul-18,2.0520,2.1020,
7,2018,16-jul-18,2.0620,2.1300,
7,2018,17-jul-18,2.0650,2.1100,
7,2018,18-jul-18,2.0250,2.0400,
7,2018,19-jul-18,2.0250,2.0620,
7,2018,20-jul-18,2.0310,2.0750,
7,2018,23-jul-18,2.0770,2.1300,
7,2018,24-jul-18,2.0970,2.0820,
7,2018,25-jul-18,2.0740,2.0570,
7,2018,26-jul-18,2.0660,2.0540,
7,2018,27-jul-18,2.0690,2.0550,
7,2018,30-jul-18,2.0740,2.0540,
7,2018,31-jul-18,2.0760,2.0610,
8,2018,01-ago-18,2.0580,2.0360,
8,2018,02-ago-18,2.0470,2.0230,
8,2018,03-ago-18,2.0410,2.0160,
8,2018,06-ago-18,2.0280,2.0010,
8,2018,07-ago-18,2.0530,2.0270,
8,2018,08-ago-18,2.0450,2.0220,
8,2018,09-ago-18,2.1380,2.1180,
8,2018,10-ago-18,2.0610,2.0390,
8,2018,13-ago-18,2.0770,2.0520,
8,2018,14-ago-18,2.0640,2.0380,
8,2018,15-ago-18,2.0230,1.9950,
8,2018,16-ago-18,2.0240,1.9980,
8,2018,17-ago-18,2.0260,1.9990,
8,2018,20-ago-18,2.0660,2.0330,
8,2018,21-ago-18,2.0650,2.0410,
8,2018,22-ago-18,2.0640,2.0390,
8,2018,23-ago-18,2.0440,2.0220,
8,2018,24-ago-18,2.0860,2.0620,
8,2018,28-ago-18,2.1150,2.0880,
8,2018,29-ago-18,2.1420,2.1160,
8,2018,30-ago-18,2.1490,2.1270,
8,2018,31-ago-18,2.1390,2.1120,
9,2018,03-sep-18,2.1100,2.0840,
9,2018,04-sep-18,2.0700,2.0400,
9,2018,05-sep-18,2.0770,2.0460,
9,2018,06-sep-18,2.0630,2.0310,
9,2018,07-sep-18,2.0660,2.0300,
9,2018,10-sep-18,2.0370,2.0000,
9,2018,11-sep-18,2.0740,2.0350,
9,2018,12-sep-18,2.0230,1.9820,
9,2018,13-sep-18,2.0510,2.0150,
9,2018,14-sep-18,2.0540,2.0160,
9,2018,17-sep-18,2.0180,1.9850,
9,2018,18-sep-18,2.0410,2.0120,
9,2018,19-sep-18,2.0200,1.9810,
9,2018,20-sep-18,2.0480,2.0190,
9,2018,21-sep-18,2.0670,2.0340,
9,2018,24-sep-18,2.0660,2.0350,
9,2018,25-sep-18,2.0550,2.0200,
9,2018,26-sep-18,2.0810,2.0570,
9,2018,27-sep-18,2.0520,2.0300,
9,2018,28-sep-18,2.0340,2.0120,
10,2018,01-oct-18,2.0640,2.0480,
10,2018,02-oct-18,2.0930,2.0800,
10,2018,03-oct-18,2.1760,2.1670,
10,2018,04-oct-18,2.2510,2.2440,
10,2018,05-oct-18,2.1510,2.1400,
10,2018,08-oct-18,2.0790,2.0740,
10,2018,09-oct-18,2.0410,2.0320,
10,2018,10-oct-18,2.0380,2.0290,
10,2018,11-oct-18,2.0290,2.0240,
10,2018,12-oct-18,2.0480,2.0450,
10,2018,15-oct-18,2.0310,2.0280,
10,2018,16-oct-18,2.0240,2.0220,
10,2018,17-oct-18,2.0240,2.0180,
10,2018,18-oct-18,2.0130,2.0080,
10,2018,19-oct-18,2.0240,2.0230,
10,2018,22-oct-18,2.0130,2.0030,
10,2018,23-oct-18,2.0160,1.9970,
10,2018,24-oct-18,2.0050,1.9880,
10,2018,25-oct-18,1.9990,1.9810,
10,2018,26-oct-18,1.9780,1.9610,
10,2018,29-oct-18,2.0010,1.9810,
10,2018,30-oct-18,1.9730,1.9520,
10,2018,31-oct-18,1.9670,1.9460,
11,2018,01-nov-18,1.9780,1.9610,
11,2018,02-nov-18,1.9850,1.9670,
11,2018,05-nov-18,1.9710,1.9590,
11,2018,06-nov-18,1.9690,1.9500,
11,2018,07-nov-18,1.9630,1.9520,
11,2018,08-nov-18,1.9820,1.9770,
11,2018,09-nov-18,1.9720,1.9650,
11,2018,12-nov-18,1.9430,1.9340,
11,2018,13-nov-18,1.9380,1.9250,
11,2018,14-nov-18,1.9450,1.9310,
11,2018,15-nov-18,1.9410,1.9170,
11,2018,16-nov-18,1.9320,1.9140,
11,2018,19-nov-18,1.9410,1.9180,
11,2018,20-nov-18,1.9410,1.9270,
11,2018,21-nov-18,1.9540,1.9450,
11,2018,22-nov-18,1.9540,1.9420,
11,2018,23-nov-18,1.9350,1.9230,
11,2018,26-nov-18,1.9300,1.9200,
11,2018,27-nov-18,1.9360,1.9250,
11,2018,28-nov-18,1.9240,1.9130,
11,2018,29-nov-18,1.9330,1.9330,
11,2018,30-nov-18,1.9390,1.9350,
12,2018,03-dic-18,1.9800,1.9830,
12,2018,04-dic-18,1.9810,1.9850,
12,2018,05-dic-18,1.9710,1.9670,
12,2018,06-dic-18,1.9420,1.9450,
12,2018,07-dic-18,1.9590,1.9620,
12,2018,10-dic-18,1.9510,1.9510,
12,2018,11-dic-18,1.9580,1.9500,
12,2018,12-dic-18,1.9370,1.9280,
12,2018,13-dic-18,1.9320,1.9240,
12,2018,14-dic-18,1.9210,1.9080,
12,2018,17-dic-18,1.9250,1.9380,
12,2018,18-dic-18,1.9420,1.9400,
12,2018,19-dic-18,1.9290,1.9280,
12,2018,20-dic-18,1.9240,1.9240,
12,2018,21-dic-18,1.9120,1.9200,
12,2018,24-dic-18,1.8990,1.8990,
12,2018,27-dic-18,1.8820,1.8980,
12,2018,28-dic-18,1.8570,1.8810,
12,2018,31-dic-18,1.8460,1.8700,
1,2019,02-ene-19,1.8470,1.8580,
1,2019,03-ene-19,1.8210,1.8260,
1,2019,04-ene-19,1.8620,1.8790,
1,2019,07-ene-19,1.8740,1.8580,
1,2019,08-ene-19,1.8590,1.8370,
1,2019,09-ene-19,1.8630,1.8420,
1,2019,10-ene-19,1.8570,1.8440,
1,2019,11-ene-19,1.8410,1.8160,
1,2019,14-ene-19,1.8140,1.7760,
1,2019,15-ene-19,1.8370,1.8110,
1,2019,16-ene-19,1.8670,1.8400,
1,2019,17-ene-19,1.8280,1.8040,
1,2019,18-ene-19,1.8580,1.8510,
1,2019,21-ene-19,1.8560,1.8430,
1,2019,22-ene-19,1.8680,1.8680,
1,2019,23-ene-19,1.8920,1.8780,
1,2019,24-ene-19,1.8710,1.8510,
1,2019,25-ene-19,1.8870,1.8670,
1,2019,28-ene-19,1.8850,1.8600,
1,2019,29-ene-19,1.8750,1.8530,
1,2019,30-ene-19,1.8900,1.8710,
1,2019,31-ene-19,1.9040,1.8810,
2,2019,01-feb-19,1.8930,1.8730,
2,2019,04-feb-19,1.8690,1.8400,
2,2019,05-feb-19,1.9230,1.8970,
2,2019,06-feb-19,1.9130,1.8870,
2,2019,07-feb-19,1.8910,1.8630,
2,2019,08-feb-19,1.8890,1.8650,
2,2019,11-feb-19,1.8700,1.8480,
2,2019,12-feb-19,1.8660,1.8410,
2,2019,13-feb-19,1.8650,1.8400,
2,2019,14-feb-19,1.8510,1.8290,
2,2019,15-feb-19,1.8630,1.8290,
2,2019,18-feb-19,1.8540,1.8230,
2,2019,19-feb-19,1.8620,1.8340,
2,2019,20-feb-19,1.8560,1.8300,
2,2019,21-feb-19,1.8770,1.8590,
2,2019,22-feb-19,1.9120,1.8910,
2,2019,25-feb-19,1.9120,1.8860,
2,2019,26-feb-19,1.8990,1.8700,
2,2019,27-feb-19,1.9220,1.8990,
2,2019,28-feb-19,1.9160,1.8930,
3,2019,01-mar-19,1.9110,1.8910,
3,2019,04-mar-19,1.8790,1.8600,
3,2019,05-mar-19,1.8900,1.8690,
3,2019,06-mar-19,1.8690,1.8460,
3,2019,07-mar-19,1.8640,1.8410,
3,2019,08-mar-19,1.8720,1.8480,
3,2019,11-mar-19,1.8580,1.8300,
3,2019,12-mar-19,1.8780,1.8510,
3,2019,13-mar-19,1.8970,1.8730,
3,2019,14-mar-19,1.8980,1.8740,
3,2019,15-mar-19,1.8920,1.8680,
3,2019,18-mar-19,1.8990,1.8790,
3,2019,19-mar-19,1.9350,1.9080,
3,2019,20-mar-19,1.9450,1.9230,
3,2019,21-mar-19,1.9200,1.8910,
3,2019,22-mar-19,1.8940,1.8670,
3,2019,25-mar-19,1.8870,1.8560,
3,2019,26-mar-19,1.8760,1.8500,
3,2019,27-mar-19,1.9150,1.8990,
3,2019,28-mar-19,1.9120,1.8970,
3,2019,29-mar-19,1.9140,1.9000,
4,2019,01-abr-19,1.9130,1.8580,
4,2019,02-abr-19,1.8840,1.8580,
4,2019,03-abr-19,1.8940,1.8650,
4,2019,04-abr-19,1.8930,1.8720,
4,2019,05-abr-19,1.8870,1.8640,
4,2019,08-abr-19,1.8830,1.8590,
4,2019,09-abr-19,1.8770,1.8510,
4,2019,10-abr-19,1.8760,1.8520,
4,2019,11-abr-19,1.8640,1.8480,
4,2019,12-abr-19,1.8650,1.8440,
4,2019,15-abr-19,1.8600,1.8440,
4,2019,16-abr-19,1.8560,1.8390,
4,2019,17-abr-19,1.8580,1.8410,
4,2019,18-abr-19,1.8550,1.8390,
4,2019,23-abr-19,1.8710,1.8550,
4,2019,24-abr-19,1.8720,1.8540,
4,2019,25-abr-19,1.8620,1.8520,
4,2019,26-abr-19,1.8490,1.8320,
4,2019,29-abr-19,1.8320,1.8160,
4,2019,30-abr-19,1.8180,1.8090,
5,2019,01-may-19,1.7890,1.7760,
5,2019,02-may-19,1.8180,1.8010,
5,2019,03-may-19,1.8110,1.7840,
5,2019,07-may-19,1.7990,1.7670,
5,2019,08-may-19,1.8000,1.7610,
5,2019,09-may-19,1.7990,1.7670,
5,2019,10-may-19,1.8010,1.7650,
5,2019,13-may-19,1.8010,1.7660,
5,2019,14-may-19,1.8230,1.7920,
5,2019,15-may-19,1.8320,1.8020,
5,2019,16-may-19,1.8620,1.8320,
5,2019,17-may-19,1.8350,1.8050,
5,2019,20-may-19,1.8200,1.7860,
5,2019,21-may-19,1.8050,1.7660,
5,2019,22-may-19,1.7820,1.7470,
5,2019,23-may-19,1.7710,1.7400,
5,2019,24-may-19,1.7950,1.7620,
5,2019,28-may-19,1.8040,1.7730,
5,2019,29-may-19,1.7970,1.7700,
5,2019,30-may-19,1.7870,1.7620,
5,2019,31-may-19,1.7890,1.7610,
6,2019,03-jun-19,1.7890,1.7640,
6,2019,04-jun-19,1.7760,1.7520,
6,2019,05-jun-19,1.7940,1.7660,
6,2019,06-jun-19,1.7740,1.7430,
6,2019,07-jun-19,1.7660,1.7330,
6,2019,10-jun-19,1.7530,1.7210,
6,2019,11-jun-19,1.7840,1.7550,
6,2019,12-jun-19,1.7860,1.7540,
6,2019,13-jun-19,1.7880,1.7560,
6,2019,14-jun-19,1.7710,1.7380,
6,2019,17-jun-19,1.7550,1.7200,
6,2019,18-jun-19,1.7630,1.7330,
6,2019,19-jun-19,1.7770,1.7470,
6,2019,20-jun-19,1.8030,1.7780,
6,2019,21-jun-19,1.7680,1.7440,
6,2019,24-jun-19,1.7730,1.7480,
6,2019,25-jun-19,1.8010,1.7770,
6,2019,26-jun-19,1.8250,1.8030,
6,2019,27-jun-19,1.8040,1.7820,
6,2019,28-jun-19,1.7940,1.7740,
7,2019,01-jul-19,1.8040,1.7780,
7,2019,02-jul-19,1.7800,1.7560,
7,2019,03-jul-19,1.7790,1.7550,
7,2019,04-jul-19,1.7950,1.7720,
7,2019,05-jul-19,1.8020,1.7800,
7,2019,08-jul-19,1.8000,1.7830,
7,2019,09-jul-19,1.8030,1.7830,
7,2019,10-jul-19,1.8320,1.8120,
7,2019,11-jul-19,1.8280,1.8070,
7,2019,12-jul-19,1.8200,1.8000,
7,2019,15-jul-19,1.8300,1.8100,
7,2019,16-jul-19,1.8370,1.8180,
7,2019,17-jul-19,1.8390,1.8190,
7,2019,18-jul-19,1.8460,1.8280,
7,2019,19-jul-19,1.8560,1.8330,
7,2019,22-jul-19,1.8360,1.8080,
7,2019,23-jul-19,1.8210,1.7950,
7,2019,24-jul-19,1.8270,1.7960,
7,2019,25-jul-19,1.8250,1.7960,
7,2019,26-jul-19,1.8050,1.7780,
7,2019,29-jul-19,1.7990,1.7750,
7,2019,30-jul-19,1.8070,1.7820,
7,2019,31-jul-19,1.8070,1.7770,
,,,,,
,,,"1,782","1,754",
,,,"1,816","1,793",
